Type,Name,Request Count,Failure Count,Median Response Time,Average Response Time,Min Response Time,Max Response Time,Average Content Size,Requests/s,Failures/s,50%,66%,75%,80%,90%,95%,98%,99%,99.9%,99.99%,100%
grpc,/CommunicationService/delKeys,4573,0,11000.0,10319.280067745687,977.2922999982256,15701.024299982237,4.0,15.245120258567091,0.0,11000,11000,11000,11000,11000,11000,12000,12000,16000,16000,16000
grpc,/CommunicationService/getMultiple,4596,0,11000.0,10349.70772147508,971.6829000099096,15700.234400021145,5865.937771975631,15.321795912611929,0.0,11000,11000,11000,11000,11000,11000,12000,13000,16000,16000,16000
grpc,/CommunicationService/getRange,4588,0,11000.0,10318.44978777244,972.5591000169516,15700.778200000059,544.8561464690497,15.295126119900681,0.0,11000,11000,11000,11000,11000,11000,12000,13000,16000,16000,16000
grpc,/CommunicationService/getSingle,4750,0,11000.0,10322.688284820979,972.574599989457,15700.488000002224,13.417473684210526,15.83518942230345,0.0,11000,11000,11000,11000,11000,11000,11000,13000,16000,16000,16000
grpc,/CommunicationService/setMultiple,4600,0,11000.0,10298.1156780219,966.6876000119373,15639.227800013032,4.0,15.335130808967554,0.0,11000,11000,11000,11000,11000,11000,12000,12000,16000,16000,16000
grpc,/CommunicationService/setSingle,4545,0,11000.0,10243.719818503592,977.0190000126604,15639.200699981302,4.0,15.151775984077723,0.0,11000,11000,11000,11000,11000,11000,12000,13000,16000,16000,16000
,Aggregated,27652,0,11000.0,10308.84493385286,966.6876000119373,15701.024299982237,1069.660603211341,92.18413850642843,0.0,11000,11000,11000,11000,11000,11000,12000,13000,16000,16000,16000
