Type,Name,Request Count,Failure Count,Median Response Time,Average Response Time,Min Response Time,Max Response Time,Average Content Size,Requests/s,Failures/s,50%,66%,75%,80%,90%,95%,98%,99%,99.9%,99.99%,100%
grpc,/CommunicationService/getMultiple,15034,0,9700.0,9497.657373493315,1282.6824000221677,16337.45949997683,9517.144472528935,50.103436013813344,0.0,9700,9900,10000,10000,10000,10000,11000,11000,16000,16000,16000
grpc,/CommunicationService/getSingle,15041,0,9700.0,9469.014700325837,1277.0699999819044,16341.562899993733,23.0,50.12676473884306,0.0,9700,9800,9900,10000,10000,10000,11000,11000,16000,16000,16000
,Aggregated,30075,0,9700.0,9483.332703597644,1277.0699999819044,16341.562899993733,4768.967348295927,100.2302007526564,0.0,9700,9900,10000,10000,10000,10000,11000,11000,16000,16000,16000
