Type,Name,Request Count,Failure Count,Median Response Time,Average Response Time,Min Response Time,Max Response Time,Average Content Size,Requests/s,Failures/s,50%,66%,75%,80%,90%,95%,98%,99%,99.9%,99.99%,100%
direct_client,del_multiples,668,0,3,3.364172881234906,1.996755599975586,11.988401412963867,51.0,11.133884102993004,0.0,3,3,4,4,4,5,6,6,12,12,12
direct_client,del_single,715,0,2,1.9360435592544663,0.46324729919433594,129.1217803955078,51.0,11.91725618808383,0.0,2,2,2,2,2,2,3,3,130,130,130
direct_client,get_multiples,726,0,21,21.906994919474787,18.351316452026367,77.61287689208984,8056.0,12.100598590977427,0.0,21,21,22,23,25,31,35,36,78,78,78
direct_client,get_range,724,0,3,3.528243599675637,1.9681453704833984,64.0556812286377,872.0,12.067263608633136,0.0,3,3,4,4,4,5,6,8,64,64,64
direct_client,get_single,696,0,2,2.1100215528203154,0.8969306945800781,115.72074890136719,88.0,11.60057385581307,0.0,2,2,2,2,2,3,3,4,120,120,120
direct_client,set_multiples,1440,0,22,24.02855654557546,20.202159881591797,150.2094268798828,51.0,24.00118728788911,0.0,22,23,24,24,27,30,36,41,150,150,150
direct_client,set_single,724,0,2,1.8884556069558496,0,115.8137321472168,51.0,12.067263608633136,0.0,2,2,2,2,2,3,3,4,120,120,120
,Aggregated,5693,0,3,10.456245141939814,0,150.2094268798828,1180.7709467767434,94.88802724302272,0.0,3,20,21,22,23,25,30,35,140,150,150
