Type,Name,Request Count,Failure Count,Median Response Time,Average Response Time,Min Response Time,Max Response Time,Average Content Size,Requests/s,Failures/s,50%,66%,75%,80%,90%,95%,98%,99%,99.9%,99.99%,100%
redis,del_keys,11915,0,2,2.252196725356294,0.6318092346191406,16.984939575195312,0.0,66.19313009419277,0.0,2,2,2,3,3,3,4,4,7,14,17
redis,get_all,11900,0,2,2.412904731365813,0.9262561798095703,130.9072971343994,0.0,66.10979841551774,0.0,2,3,3,3,3,3,4,4,8,120,130
redis,get_range,11829,0,3,5.633975337047288,0.6024837493896484,140.70367813110352,0.0,65.71536180312263,0.0,3,4,12,13,14,15,18,25,36,44,140
redis,set_multiples,12025,0,2,2.491541880332011,0.6921291351318359,114.4559383392334,0.0,66.80422907114293,0.0,2,3,3,3,3,3,4,4,9,110,110
redis,set_to,11797,0,2,2.037525783305028,0.4673004150390625,63.95530700683594,0.0,65.53758755528258,0.0,2,2,2,2,3,3,3,4,7,33,64
,Aggregated,59466,0,2,2.962874034312845,0.4673004150390625,140.70367813110352,0.0,330.3601069392587,0.0,2,3,3,3,3,12,14,15,29,110,140
