Type,Name,Request Count,Failure Count,Median Response Time,Average Response Time,Min Response Time,Max Response Time,Average Content Size,Requests/s,Failures/s,50%,66%,75%,80%,90%,95%,98%,99%,99.9%,99.99%,100%
grpc,/CommunicationService/delKeys,5264,0,9000.0,8905.860600741047,891.5179999894463,15304.303200013237,4.0,17.545141708081527,0.0,9000,9200,9300,9400,9700,9900,10000,10000,15000,15000,15000
grpc,/CommunicationService/getMultiple,5296,0,9000.0,8910.056374981286,895.7860000082292,15301.015199976973,5347.8268504531725,17.65179910448324,0.0,9000,9200,9300,9400,9700,9900,10000,10000,15000,15000,15000
grpc,/CommunicationService/getRange,5315,0,9000.0,8917.670080018948,896.0242999892216,15304.60740000126,570.6001881467545,17.715126933596753,0.0,9000,9200,9300,9400,9700,10000,10000,12000,15000,15000,15000
grpc,/CommunicationService/getSingle,5447,0,9000.0,8900.63512559225,891.8141000031028,15303.308500006096,13.119331742243437,18.155088693753815,0.0,9000,9200,9300,9400,9700,9900,10000,10000,15000,15000,15000
grpc,/CommunicationService/setMultiple,5390,0,9000.0,8928.89362146549,893.994499987457,15298.601299989969,4.0,17.965105206413266,0.0,9000,9200,9300,9400,9700,10000,10000,10000,15000,15000,15000
grpc,/CommunicationService/setSingle,5363,0,9000.0,8915.13173712475,891.663399990648,15298.104399989825,4.0,17.875113028199323,0.0,9000,9200,9300,9400,9700,9900,10000,10000,15000,15000,15000
,Aggregated,32075,0,9000.0,8913.043582057746,891.5179999894463,15304.60740000126,981.7727201870616,106.90737467452792,0.0,9000,9200,9300,9400,9700,9900,10000,10000,15000,15000,15000
