Type,Name,Request Count,Failure Count,Median Response Time,Average Response Time,Min Response Time,Max Response Time,Average Content Size,Requests/s,Failures/s,50%,66%,75%,80%,90%,95%,98%,99%,99.9%,99.99%,100%
redis,del_keys,7244,0,3,3.5897306419090302,1.8627643585205078,17.209291458129883,0.0,60.370232267965136,0.0,3,4,4,4,4,5,7,8,13,17,17
redis,get_all,7423,0,2,2.475958186533354,0.9667873382568359,11.997222900390625,0.0,61.861987041013975,0.0,2,3,3,3,3,3,5,6,10,12,12
redis,get_range,7144,0,3,5.646866987160045,0.8950233459472656,40.441274642944336,0.0,59.536849713189255,0.0,3,4,12,13,14,15,18,23,32,40,40
redis,set_multiples,7307,0,2,2.494217025706718,0.9031295776367188,21.419048309326172,0.0,60.895263277473944,0.0,2,3,3,3,3,4,5,6,11,21,21
redis,set_to,7160,0,2,2.0590558398369305,0.5400180816650391,15.001773834228516,0.0,59.67019092195339,0.0,2,2,2,2,3,3,4,5,11,15,15
,Aggregated,36278,0,2,3.244179606509975,0.5400180816650391,40.441274642944336,0.0,302.3345232215957,0.0,2,3,3,3,4,12,14,15,27,35,40
