Type,Name,Request Count,Failure Count,Median Response Time,Average Response Time,Min Response Time,Max Response Time,Average Content Size,Requests/s,Failures/s,50%,66%,75%,80%,90%,95%,98%,99%,99.9%,99.99%,100%
redis,set_multiples,46835,0,3,2.9211238269860886,0.021969079971313477,150.8646595478058,0.0,155.31323136741094,0.0,3,3,3,3,3,3,4,9,120,150,150
redis,set_to,47009,0,3,2.913047056845886,0.020033836364746094,146.16139602661133,0.0,155.89024646846633,0.0,3,3,3,3,3,3,4,16,120,140,150
,Aggregated,93844,0,3,2.9170779541809995,0.020033836364746094,150.8646595478058,0.0,311.20347783587727,0.0,3,3,3,3,3,3,4,16,120,150,150
