Type,Name,Request Count,Failure Count,Median Response Time,Average Response Time,Min Response Time,Max Response Time,Average Content Size,Requests/s,Failures/s,50%,66%,75%,80%,90%,95%,98%,99%,99.9%,99.99%,100%
grpc,/CommunicationService/setMultiple,14131,0,10000.0,10015.982890580943,686.0801999864634,16734.790499991504,4.0,47.10501378453873,0.0,10000,10000,11000,11000,11000,11000,11000,12000,17000,17000,17000
grpc,/CommunicationService/setSingle,14339,0,10000.0,9965.013796568635,686.1975000065286,16735.86640000576,4.0,47.798371853124394,0.0,10000,10000,10000,11000,11000,11000,11000,12000,17000,17000,17000
,Aggregated,28470,0,10000.0,9990.31215510356,686.0801999864634,16735.86640000576,4.0,94.90338563766312,0.0,10000,10000,11000,11000,11000,11000,11000,12000,17000,17000,17000
