Type,Name,Request Count,Failure Count,Median Response Time,Average Response Time,Min Response Time,Max Response Time,Average Content Size,Requests/s,Failures/s,50%,66%,75%,80%,90%,95%,98%,99%,99.9%,99.99%,100%
grpc,/CommunicationService/delKeys,25836,0,11000.0,11027.420322991204,732.0144000113942,15551.356099982513,4.0,86.1118636277687,0.0,11000,11000,11000,11000,11000,11000,12000,12000,16000,16000,16000
,Aggregated,25836,0,11000.0,11027.420322991204,732.0144000113942,15551.356099982513,4.0,86.1118636277687,0.0,11000,11000,11000,11000,11000,11000,12000,12000,16000,16000,16000
