Type,Name,Request Count,Failure Count,Median Response Time,Average Response Time,Min Response Time,Max Response Time,Average Content Size,Requests/s,Failures/s,50%,66%,75%,80%,90%,95%,98%,99%,99.9%,99.99%,100%
client-middleware,/CommunicationService/delMultiple,1459,0,7,7.691899091107458,5.470037460327148,16.048908233642578,4.0,8.107189837202117,0.0,7,8,8,8,9,9,10,11,15,16,16
client-middleware,/CommunicationService/delSingle,1366,0,4,4.135226959016277,1.9986629486083984,8.992910385131836,4.0,7.590418997682036,0.0,4,4,5,5,5,6,6,7,9,9,9
client-middleware,/CommunicationService/getMultiple,1321,0,43,42.25901633298009,30.711650848388672,59.986114501953125,20816.995457986373,7.340368591462643,0.0,43,44,45,45,46,47,50,52,58,60,60
client-middleware,/CommunicationService/getRange,1403,0,9,8.841097567307465,6.609439849853516,37.26840019226074,2013.1952957947256,7.796015998351316,0.0,9,9,9,10,10,10,11,12,36,37,37
client-middleware,/CommunicationService/getSingle,1366,0,4,4.162838483450179,2.5634765625,10.954856872558594,15.419472913616397,7.590418997682036,0.0,4,4,5,5,5,6,6,7,9,11,11
client-middleware,/CommunicationService/setMultiple,1371,0,46,45.79913833556951,34.424543380737305,260.70666313171387,4.0,7.618202376150858,0.0,46,47,49,49,51,52,53,55,64,260,260
client-middleware,/CommunicationService/setSingle,1377,0,4,4.026056461431189,1.9450187683105469,13.960599899291992,4.0,7.651542430313444,0.0,4,4,5,5,5,5,6,6,12,14,14
,Aggregated,9663,0,7,16.466972683078815,1.9450187683105469,260.70666313171387,3142.618131015213,53.69415722884445,0.0,7,9,39,42,45,48,50,52,57,260,260
