Type,Name,Request Count,Failure Count,Median Response Time,Average Response Time,Min Response Time,Max Response Time,Average Content Size,Requests/s,Failures/s,50%,66%,75%,80%,90%,95%,98%,99%,99.9%,99.99%,100%
grpc,/CommunicationService/delKeys,4438,0,9300.0,9165.666445425972,833.8228999928106,15235.073199990438,4.0,14.791181608668087,0.0,9300,9500,9700,9800,10000,10000,10000,11000,15000,15000,15000
grpc,/CommunicationService/getMultiple,4537,0,9400.0,9226.633268789976,833.9344999985769,15240.480100008426,6021.549261626626,15.121133609402232,0.0,9400,9600,9700,9800,10000,10000,10000,11000,15000,15000,15000
grpc,/CommunicationService/getRange,4481,0,9300.0,9183.970283664377,839.0571000054479,15240.071000007447,560.935951796474,14.934494093835443,0.0,9300,9500,9700,9800,10000,10000,10000,11000,15000,15000,15000
grpc,/CommunicationService/getSingle,4562,0,9300.0,9141.07891606759,834.4424000242725,15235.100399993826,13.551950898728627,15.204454821708834,0.0,9300,9500,9700,9700,10000,10000,10000,11000,15000,15000,15000
grpc,/CommunicationService/setMultiple,4356,0,9400.0,9229.862470799259,837.522199988598,15239.047300012317,4.0,14.51788803230243,0.0,9400,9600,9700,9800,10000,10000,10000,11000,15000,15000,15000
grpc,/CommunicationService/setSingle,4377,0,9300.0,9162.9393836644,839.5613000029698,15239.864299976034,4.0,14.587877850639975,0.0,9300,9500,9700,9800,10000,10000,10000,12000,15000,15000,15000
grpc,/CommunicationService/testConnection,4422,0,9300.0,9144.448692333906,851.5608000161592,15230.514299997594,87.0,14.73785603279186,0.0,9300,9500,9700,9700,10000,10000,10000,10000,15000,15000,15000
,Aggregated,31173,0,9300.0,9179.150367436585,833.8228999928106,15240.480100008426,973.0390081159978,103.89488604934886,0.0,9300,9500,9700,9800,10000,10000,10000,11000,15000,15000,15000
