Type,Name,Request Count,Failure Count,Median Response Time,Average Response Time,Min Response Time,Max Response Time,Average Content Size,Requests/s,Failures/s,50%,66%,75%,80%,90%,95%,98%,99%,99.9%,99.99%,100%
grpc,/CommunicationService/delKeys,3926,0,9,9.08985573120149,6.701100035570562,27.814499975647777,4.0,21.81124611424485,0.0,9,9,9,10,10,10,11,12,17,28,28
grpc,/CommunicationService/getMultiple,3780,0,6,6.012183042238811,4.823499999474734,21.586299990303814,250.0,21.000129982640225,0.0,6,6,6,7,7,7,8,9,16,22,22
grpc,/CommunicationService/getRange,3732,0,8,15.6136978559754,2.757699985522777,55.06949999835342,557.9308681672026,20.73346166540035,0.0,8,9,38,42,43,44,44,45,54,55,55
grpc,/CommunicationService/getSingle,3853,0,4,4.088775810697125,2.8927999665029347,16.38530002674088,23.0,21.405688048442535,0.0,4,4,4,5,5,5,6,7,15,16,16
grpc,/CommunicationService/setMultiple,3854,0,6,6.019878282064193,4.693399998359382,22.217699966859072,4.0,21.411243638385034,0.0,6,6,6,7,7,7,8,9,17,22,22
grpc,/CommunicationService/setSingle,3991,0,4,3.9790740419357484,2.7187999803572893,16.6857999865897,4.0,22.17235946050718,0.0,4,4,4,5,5,5,6,7,14,17,17
,Aggregated,23136,0,6,7.4134809170953035,2.7187999803572893,55.06949999835342,136.70906811894884,128.53412890962016,0.0,6,6,8,9,9,11,43,44,46,55,55
