Type,Name,Request Count,Failure Count,Median Response Time,Average Response Time,Min Response Time,Max Response Time,Average Content Size,Requests/s,Failures/s,50%,66%,75%,80%,90%,95%,98%,99%,99.9%,99.99%,100%
grpc,/CommunicationService/delKeys,2013,0,970.0,960.6487847487218,16.609900019830093,1482.5738999934401,4.0,16.77681855691836,0.0,970,1000,1100,1100,1200,1200,1300,1400,1400,1500,1500
grpc,/CommunicationService/getMultiple,1944,0,980.0,963.3236465530971,49.92019999190234,1558.9529999997467,5690.85133744856,16.20175622188241,0.0,980,1000,1100,1100,1200,1200,1300,1400,1500,1600,1600
grpc,/CommunicationService/getRange,1972,0,980.0,960.2415599898269,14.528100000461563,1486.538400000427,3569.5339756592293,16.43511485059265,0.0,980,1000,1100,1100,1200,1200,1300,1300,1500,1500,1500
grpc,/CommunicationService/getSingle,2008,0,960.0,945.9887120021333,13.574899989180267,1465.6348999997135,11.20069721115538,16.7351473732201,0.0,960,1000,1100,1100,1200,1200,1300,1300,1400,1500,1500
grpc,/CommunicationService/setMultiple,2009,0,1000.0,984.077140070255,19.372599985217676,1583.909799985122,4.0,16.743481609959755,0.0,1000,1100,1100,1100,1200,1300,1300,1400,1500,1600,1600
grpc,/CommunicationService/setSingle,2008,0,960.0,943.422893326357,13.835899997502565,1464.948100008769,4.0,16.7351473732201,0.0,960,1000,1100,1100,1200,1200,1300,1300,1500,1500,1500
,Aggregated,11954,0,980.0,959.5978757569912,13.574899989180267,1583.909799985122,1518.2154090680945,99.62746598579338,0.0,980,1000,1100,1100,1200,1200,1300,1300,1500,1600,1600
