Type,Name,Request Count,Failure Count,Median Response Time,Average Response Time,Min Response Time,Max Response Time,Average Content Size,Requests/s,Failures/s,50%,66%,75%,80%,90%,95%,98%,99%,99.90%,99.99%,100%
redis,del_keys,16144,0,3,3.440074505,0.028006792,175.1878629,0,53.55299399,0,3,3,3,3,3,4,4,27,160,170,180
redis,get_all,15855,0,3,3.432222943,0.031004429,175.6573691,0,52.5943211,0,3,3,3,3,3,4,4,23,150,170,180
redis,get_range,15951,0,3,3.403165854,0.030576468,170.8352098,0,52.91277299,0,3,3,3,3,3,4,4,21,150,170,170
redis,set_multiples,15858,0,3,3.473003842,0.031031609,179.6382058,0,52.60427272,0,3,3,3,3,3,4,6,22,150,180,180
redis,set_to,16172,0,3,3.375769353,0.027000666,173.9147613,0,53.6458758,0,3,3,3,3,3,4,4,23,150,170,170
,Aggregated,79980,0,3,3.424683583,0.027000666,179.6382058,0,265.3102366,0,3,3,3,3,3,4,4,23,150,170,180
