Type,Name,Request Count,Failure Count,Median Response Time,Average Response Time,Min Response Time,Max Response Time,Average Content Size,Requests/s,Failures/s,50%,66%,75%,80%,90%,95%,98%,99%,99.9%,99.99%,100%
grpc,/CommunicationService/delKeys,4379,0,7,7.492656953257772,4.731499997433275,116.51209997944534,4.0,24.328219148341383,0.0,7,8,8,8,8,9,10,11,18,120,120
grpc,/CommunicationService/getMultiple,4460,0,4,4.6440703817852045,3.5232999944128096,128.39209998492151,250.0,24.778227312537698,0.0,4,5,5,5,6,6,6,7,14,130,130
grpc,/CommunicationService/getRange,4390,0,7,13.861187813079074,3.1042000045999885,150.69150005001575,559.9507972665148,24.389331368170513,0.0,7,8,33,38,39,39,40,43,79,150,150
grpc,/CommunicationService/getSingle,4316,0,4,4.114340639377981,2.818700042553246,118.12130000907928,22.978683966635774,23.97821279841092,0.0,4,4,4,5,5,5,6,7,12,120,120
grpc,/CommunicationService/setMultiple,4348,0,4,4.701620676538032,3.4742000279948115,121.78270000731573,4.0,24.155993801550203,0.0,4,5,5,5,6,6,7,8,18,120,120
grpc,/CommunicationService/setSingle,4283,0,4,4.0350779121933655,2.85950000397861,121.46619998384267,4.0,23.79487613892353,0.0,4,4,4,5,5,5,6,7,14,120,120
,Aggregated,26176,0,4,6.488993459640962,2.818700042553246,150.69150005001575,142.28300733496332,145.42486056793425,0.0,4,5,7,7,8,9,38,39,47,120,150
