Type,Name,Request Count,Failure Count,Median Response Time,Average Response Time,Min Response Time,Max Response Time,Average Content Size,Requests/s,Failures/s,50%,66%,75%,80%,90%,95%,98%,99%,99.9%,99.99%,100%
grpc,/CommunicationService/getRange,23771,0,12000.0,11960.92140785432,725.0787999946624,15633.215100009693,556.8991628454839,79.25185474873358,0.0,12000,13000,13000,13000,13000,13000,13000,14000,16000,16000,16000
,Aggregated,23771,0,12000.0,11960.92140785432,725.0787999946624,15633.215100009693,556.8991628454839,79.25185474873358,0.0,12000,13000,13000,13000,13000,13000,13000,14000,16000,16000,16000
